match_id,date,season,competition,home_raw_name,away_raw_name,home_goals,away_goals,stadium,attendance,home_scorers,away_scorers,notes
20130825-NAP-BOL,2013-08-25,2013-14,Serie A,SSC Napoli,Bologna FC,3,0,,,,,HT: 2-0
20130831-CHI-NAP,2013-08-31,2013-14,Serie A,Chievo Verona,SSC Napoli,2,4,,,,,HT: 2-2
20130914-NAP-ATA,2013-09-14,2013-14,Serie A,SSC Napoli,Atalanta,2,0,,,,,HT: 0-0
20130922-ACM-NAP,2013-09-22,2013-14,Serie A,AC Milan,SSC Napoli,1,2,,,,,HT: 0-1
20130925-NAP-SAS,2013-09-25,2013-14,Serie A,SSC Napoli,Sassuolo Calcio,1,1,,,,,HT: 1-1
20130928-GEN-NAP,2013-09-28,2013-14,Serie A,Genoa CFC,SSC Napoli,0,2,,,,,HT: 0-2
20131006-NAP-ASL,2013-10-06,2013-14,Serie A,SSC Napoli,AS Livorno,4,0,,,,,HT: 2-0
20131018-ASR-NAP,2013-10-18,2013-14,Serie A,AS Roma,SSC Napoli,2,0,,,,,HT: 1-0
20131027-NAP-TOR,2013-10-27,2013-14,Serie A,SSC Napoli,Torino FC,2,0,,,,,HT: 2-0
20131030-ACF-NAP,2013-10-30,2013-14,Serie A,ACF Fiorentina,SSC Napoli,1,2,,,,,HT: 1-2
20131102-NAP-CAL,2013-11-02,2013-14,Serie A,SSC Napoli,Calcio Catania,2,1,,,,,HT: 2-1
20131110-JUV-NAP,2013-11-10,2013-14,Serie A,Juventus,SSC Napoli,3,0,,,,,HT: 1-0
20131123-NAP-PAR,2013-11-23,2013-14,Serie A,SSC Napoli,Parma FC,0,1,,,,,HT: 0-0
20131202-LAZ-NAP,2013-12-02,2013-14,Serie A,Lazio Roma,SSC Napoli,2,4,,,,,HT: 1-1
20131207-NAP-UDI,2013-12-07,2013-14,Serie A,SSC Napoli,Udinese Calcio,3,3,,,,,HT: 2-1
20131215-NAP-INT,2013-12-15,2013-14,Serie A,SSC Napoli,Inter,4,2,,,,,HT: 3-2
20131221-CAG-NAP,2013-12-21,2013-14,Serie A,Cagliari Calcio,SSC Napoli,1,1,,,,,HT: 1-1
20140106-NAP-SAM,2014-01-06,2013-14,Serie A,SSC Napoli,Sampdoria,2,0,,,,,HT: 0-0
20140112-HEL-NAP,2014-01-12,2013-14,Serie A,Hellas Verona,SSC Napoli,0,3,,,,,HT: 0-1
20140119-BOL-NAP,2014-01-19,2013-14,Serie A,Bologna FC,SSC Napoli,2,2,,,,,HT: 1-0
20140125-NAP-CHI,2014-01-25,2013-14,Serie A,SSC Napoli,Chievo Verona,1,1,,,,,HT: 0-1
20140202-ATA-NAP,2014-02-02,2013-14,Serie A,Atalanta,SSC Napoli,3,0,,,,,HT: 0-0
20140208-NAP-ACM,2014-02-08,2013-14,Serie A,SSC Napoli,AC Milan,3,1,,,,,HT: 1-1
20140216-SAS-NAP,2014-02-16,2013-14,Serie A,Sassuolo Calcio,SSC Napoli,0,2,,,,,HT: 0-1
20140224-NAP-GEN,2014-02-24,2013-14,Serie A,SSC Napoli,Genoa CFC,1,1,,,,,HT: 1-0
20140302-ASL-NAP,2014-03-02,2013-14,Serie A,AS Livorno,SSC Napoli,1,1,,,,,HT: 1-1
20140309-NAP-ASR,2014-03-09,2013-14,Serie A,SSC Napoli,AS Roma,1,0,,,,,HT: 0-0
20140317-TOR-NAP,2014-03-17,2013-14,Serie A,Torino FC,SSC Napoli,0,1,,,,,HT: 0-0
20140323-NAP-ACF,2014-03-23,2013-14,Serie A,SSC Napoli,ACF Fiorentina,0,1,,,,,HT: 0-0
20140326-CAL-NAP,2014-03-26,2013-14,Serie A,Calcio Catania,SSC Napoli,2,4,,,,,HT: 0-4
20140330-NAP-JUV,2014-03-30,2013-14,Serie A,SSC Napoli,Juventus,2,0,,,,,HT: 1-0
20140406-PAR-NAP,2014-04-06,2013-14,Serie A,Parma FC,SSC Napoli,1,0,,,,,HT: 0-0
20140413-NAP-LAZ,2014-04-13,2013-14,Serie A,SSC Napoli,Lazio Roma,4,2,,,,,HT: 1-1
20140419-UDI-NAP,2014-04-19,2013-14,Serie A,Udinese Calcio,SSC Napoli,1,1,,,,,HT: 0-1
20140426-INT-NAP,2014-04-26,2013-14,Serie A,Inter,SSC Napoli,0,0,,,,,
20140506-NAP-CAG,2014-05-06,2013-14,Serie A,SSC Napoli,Cagliari Calcio,3,0,,,,,HT: 2-0
20140511-SAM-NAP,2014-05-11,2013-14,Serie A,Sampdoria,SSC Napoli,2,5,,,,,HT: 1-3
20140518-NAP-HEL,2014-05-18,2013-14,Serie A,SSC Napoli,Hellas Verona,5,1,,,,,HT: 3-0
20140831-GEN-NAP,2014-08-31,2014-15,Serie A,Genoa CFC,SSC Napoli,1,2,,,,,HT: 1-1
20140914-NAP-CHI,2014-09-14,2014-15,Serie A,SSC Napoli,Chievo Verona,0,1,,,,,HT: 0-0
20140921-UDI-NAP,2014-09-21,2014-15,Serie A,Udinese Calcio,SSC Napoli,1,0,,,,,HT: 0-0
20140924-NAP-USP,2014-09-24,2014-15,Serie A,SSC Napoli,US Palermo,3,3,,,,,HT: 3-2
20140928-SAS-NAP,2014-09-28,2014-15,Serie A,Sassuolo Calcio,SSC Napoli,0,1,,,,,HT: 0-1
20141005-NAP-TOR,2014-10-05,2014-15,Serie A,SSC Napoli,Torino FC,2,1,,,,,HT: 0-1
20141019-INT-NAP,2014-10-19,2014-15,Serie A,Inter,SSC Napoli,2,2,,,,,HT: 0-0
20141026-NAP-HEL,2014-10-26,2014-15,Serie A,SSC Napoli,Hellas Verona,6,2,,,,,HT: 1-1
20141029-ATA-NAP,2014-10-29,2014-15,Serie A,Atalanta,SSC Napoli,1,1,,,,,HT: 0-0
20141101-NAP-ASR,2014-11-01,2014-15,Serie A,SSC Napoli,AS Roma,2,0,,,,,HT: 1-0
20141109-ACF-NAP,2014-11-09,2014-15,Serie A,ACF Fiorentina,SSC Napoli,0,1,,,,,HT: 0-0
20141123-NAP-CAG,2014-11-23,2014-15,Serie A,SSC Napoli,Cagliari Calcio,3,3,,,,,HT: 2-1
20141201-SAM-NAP,2014-12-01,2014-15,Serie A,Sampdoria,SSC Napoli,1,1,,,,,HT: 0-0
20141207-NAP-EMP,2014-12-07,2014-15,Serie A,SSC Napoli,Empoli FC,2,2,,,,,HT: 0-1
20141214-ACM-NAP,2014-12-14,2014-15,Serie A,AC Milan,SSC Napoli,2,0,,,,,HT: 1-0
20141218-NAP-PAR,2014-12-18,2014-15,Serie A,SSC Napoli,Parma FC,2,0,,,,,HT: 2-0
20150106-ACC-NAP,2015-01-06,2014-15,Serie A,AC Cesena,SSC Napoli,1,4,,,,,HT: 0-2
20150111-NAP-JUV,2015-01-11,2014-15,Serie A,SSC Napoli,Juventus,1,3,,,,,HT: 0-1
20150118-LAZ-NAP,2015-01-18,2014-15,Serie A,Lazio Roma,SSC Napoli,0,1,,,,,HT: 0-1
20150126-NAP-GEN,2015-01-26,2014-15,Serie A,SSC Napoli,Genoa CFC,2,1,,,,,HT: 1-0
20150201-CHI-NAP,2015-02-01,2014-15,Serie A,Chievo Verona,SSC Napoli,1,2,,,,,HT: 1-1
20150208-NAP-UDI,2015-02-08,2014-15,Serie A,SSC Napoli,Udinese Calcio,3,1,,,,,HT: 2-1
20150214-USP-NAP,2015-02-14,2014-15,Serie A,US Palermo,SSC Napoli,3,1,,,,,HT: 2-0
20150223-NAP-SAS,2015-02-23,2014-15,Serie A,SSC Napoli,Sassuolo Calcio,2,0,,,,,HT: 0-0
20150301-TOR-NAP,2015-03-01,2014-15,Serie A,Torino FC,SSC Napoli,1,0,,,,,HT: 0-0
20150308-NAP-INT,2015-03-08,2014-15,Serie A,SSC Napoli,Inter,2,2,,,,,HT: 0-0
20150315-HEL-NAP,2015-03-15,2014-15,Serie A,Hellas Verona,SSC Napoli,2,0,,,,,HT: 1-0
20150322-NAP-ATA,2015-03-22,2014-15,Serie A,SSC Napoli,Atalanta,1,1,,,,,HT: 0-0
20150404-ASR-NAP,2015-04-04,2014-15,Serie A,AS Roma,SSC Napoli,1,0,,,,,HT: 1-0
20150412-NAP-ACF,2015-04-12,2014-15,Serie A,SSC Napoli,ACF Fiorentina,3,0,,,,,HT: 1-0
20150419-CAG-NAP,2015-04-19,2014-15,Serie A,Cagliari Calcio,SSC Napoli,0,3,,,,,HT: 0-2
20150426-NAP-SAM,2015-04-26,2014-15,Serie A,SSC Napoli,Sampdoria,4,2,,,,,HT: 2-1
20150430-EMP-NAP,2015-04-30,2014-15,Serie A,Empoli FC,SSC Napoli,4,2,,,,,HT: 3-0
20150503-NAP-ACM,2015-05-03,2014-15,Serie A,SSC Napoli,AC Milan,3,0,,,,,HT: 0-0
20150510-PAR-NAP,2015-05-10,2014-15,Serie A,Parma FC,SSC Napoli,2,2,,,,,HT: 2-1
20150518-NAP-ACC,2015-05-18,2014-15,Serie A,SSC Napoli,AC Cesena,3,2,,,,,HT: 2-2
20150523-JUV-NAP,2015-05-23,2014-15,Serie A,Juventus,SSC Napoli,3,1,,,,,HT: 1-0
20150531-NAP-LAZ,2015-05-31,2014-15,Serie A,SSC Napoli,Lazio Roma,2,4,,,,,HT: 0-2
20150823-SAS-NAP,2015-08-23,2015-16,Serie A,Sassuolo Calcio,SSC Napoli,2,1,,,,,HT: 1-1
20150830-NAP-SAM,2015-08-30,2015-16,Serie A,SSC Napoli,Sampdoria,2,2,,,,,HT: 2-0
20150913-EMP-NAP,2015-09-13,2015-16,Serie A,Empoli FC,SSC Napoli,2,2,,,,,HT: 2-1
20150920-NAP-LAZ,2015-09-20,2015-16,Serie A,SSC Napoli,Lazio Roma,5,0,,,,,HT: 2-0
20150923-CAR-NAP,2015-09-23,2015-16,Serie A,Carpi FC,SSC Napoli,0,0,,,,,
20150926-NAP-JUV,2015-09-26,2015-16,Serie A,SSC Napoli,Juventus,2,1,,,,,HT: 1-0
20151004-ACM-NAP,2015-10-04,2015-16,Serie A,AC Milan,SSC Napoli,0,4,,,,,HT: 0-1
20151018-NAP-ACF,2015-10-18,2015-16,Serie A,SSC Napoli,ACF Fiorentina,2,1,,,,,HT: 0-0
20151025-CHI-NAP,2015-10-25,2015-16,Serie A,Chievo Verona,SSC Napoli,0,1,,,,,HT: 0-0
20151028-NAP-USP,2015-10-28,2015-16,Serie A,SSC Napoli,US Palermo,2,0,,,,,HT: 1-0
20151101-GEN-NAP,2015-11-01,2015-16,Serie A,Genoa CFC,SSC Napoli,0,0,,,,,
20151108-NAP-UDI,2015-11-08,2015-16,Serie A,SSC Napoli,Udinese Calcio,1,0,,,,,HT: 0-0
20151122-HEL-NAP,2015-11-22,2015-16,Serie A,Hellas Verona,SSC Napoli,0,2,,,,,HT: 0-0
20151130-NAP-INT,2015-11-30,2015-16,Serie A,SSC Napoli,Inter,2,1,,,,,HT: 1-0
20151206-BOL-NAP,2015-12-06,2015-16,Serie A,Bologna FC,SSC Napoli,3,2,,,,,HT: 2-0
20151213-NAP-ASR,2015-12-13,2015-16,Serie A,SSC Napoli,AS Roma,0,0,,,,,
20151220-ATA-NAP,2015-12-20,2015-16,Serie A,Atalanta,SSC Napoli,1,3,,,,,HT: 0-0
20160106-NAP-TOR,2016-01-06,2015-16,Serie A,SSC Napoli,Torino FC,2,1,,,,,HT: 2-1
20160110-FRO-NAP,2016-01-10,2015-16,Serie A,Frosinone Calcio,SSC Napoli,1,5,,,,,HT: 0-2
20160116-NAP-SAS,2016-01-16,2015-16,Serie A,SSC Napoli,Sassuolo Calcio,3,1,,,,,HT: 2-1
20160124-SAM-NAP,2016-01-24,2015-16,Serie A,Sampdoria,SSC Napoli,2,4,,,,,HT: 1-2
20160131-NAP-EMP,2016-01-31,2015-16,Serie A,SSC Napoli,Empoli FC,5,1,,,,,HT: 2-1
20160203-LAZ-NAP,2016-02-03,2015-16,Serie A,Lazio Roma,SSC Napoli,0,2,,,,,HT: 0-2
20160207-NAP-CAR,2016-02-07,2015-16,Serie A,SSC Napoli,Carpi FC,1,0,,,,,HT: 0-0
20160213-JUV-NAP,2016-02-13,2015-16,Serie A,Juventus,SSC Napoli,1,0,,,,,HT: 0-0
20160222-NAP-ACM,2016-02-22,2015-16,Serie A,SSC Napoli,AC Milan,1,1,,,,,HT: 1-1
20160229-ACF-NAP,2016-02-29,2015-16,Serie A,ACF Fiorentina,SSC Napoli,1,1,,,,,HT: 1-1
20160305-NAP-CHI,2016-03-05,2015-16,Serie A,SSC Napoli,Chievo Verona,3,1,,,,,HT: 2-1
20160313-USP-NAP,2016-03-13,2015-16,Serie A,US Palermo,SSC Napoli,0,1,,,,,HT: 0-1
20160320-NAP-GEN,2016-03-20,2015-16,Serie A,SSC Napoli,Genoa CFC,3,1,,,,,HT: 0-1
20160403-UDI-NAP,2016-04-03,2015-16,Serie A,Udinese Calcio,SSC Napoli,3,1,,,,,HT: 2-1
20160410-NAP-HEL,2016-04-10,2015-16,Serie A,SSC Napoli,Hellas Verona,3,0,,,,,HT: 2-0
20160416-INT-NAP,2016-04-16,2015-16,Serie A,Inter,SSC Napoli,2,0,,,,,HT: 2-0
20160419-NAP-BOL,2016-04-19,2015-16,Serie A,SSC Napoli,Bologna FC,6,0,,,,,HT: 2-0
20160425-ASR-NAP,2016-04-25,2015-16,Serie A,AS Roma,SSC Napoli,1,0,,,,,HT: 0-0
20160502-NAP-ATA,2016-05-02,2015-16,Serie A,SSC Napoli,Atalanta,2,1,,,,,HT: 1-0
20160508-TOR-NAP,2016-05-08,2015-16,Serie A,Torino FC,SSC Napoli,1,2,,,,,HT: 0-2
20160514-NAP-FRO,2016-05-14,2015-16,Serie A,SSC Napoli,Frosinone Calcio,4,0,,,,,HT: 1-0
20160821-DEL-NAP,2016-08-21,2016-17,Serie A,Delfino Pescara,SSC Napoli,2,2,,,,,HT: 2-0
20160827-NAP-ACM,2016-08-27,2016-17,Serie A,SSC Napoli,AC Milan,4,2,,,,,HT: 2-0
20160910-USP-NAP,2016-09-10,2016-17,Serie A,US Palermo,SSC Napoli,0,3,,,,,HT: 0-0
20160917-NAP-BOL,2016-09-17,2016-17,Serie A,SSC Napoli,Bologna FC,3,1,,,,,HT: 1-0
20160921-GEN-NAP,2016-09-21,2016-17,Serie A,Genoa CFC,SSC Napoli,0,0,,,,,
20160924-NAP-CHI,2016-09-24,2016-17,Serie A,SSC Napoli,Chievo Verona,2,0,,,,,HT: 2-0
20161002-ATA-NAP,2016-10-02,2016-17,Serie A,Atalanta,SSC Napoli,1,0,,,,,HT: 1-0
20161015-NAP-ASR,2016-10-15,2016-17,Serie A,SSC Napoli,AS Roma,1,3,,,,,HT: 0-1
20161023-FCC-NAP,2016-10-23,2016-17,Serie A,FC Crotone,SSC Napoli,1,2,,,,,HT: 0-2
20161026-NAP-EMP,2016-10-26,2016-17,Serie A,SSC Napoli,Empoli FC,2,0,,,,,HT: 0-0
20161029-JUV-NAP,2016-10-29,2016-17,Serie A,Juventus,SSC Napoli,2,1,,,,,HT: 0-0
20161105-NAP-LAZ,2016-11-05,2016-17,Serie A,SSC Napoli,Lazio Roma,1,1,,,,,HT: 0-0
20161119-UDI-NAP,2016-11-19,2016-17,Serie A,Udinese Calcio,SSC Napoli,1,2,,,,,HT: 0-0
20161128-NAP-SAS,2016-11-28,2016-17,Serie A,SSC Napoli,Sassuolo Calcio,1,1,,,,,HT: 1-0
20161202-NAP-INT,2016-12-02,2016-17,Serie A,SSC Napoli,Inter,3,0,,,,,HT: 2-0
20161211-CAG-NAP,2016-12-11,2016-17,Serie A,Cagliari Calcio,SSC Napoli,0,5,,,,,HT: 0-2
20161218-NAP-TOR,2016-12-18,2016-17,Serie A,SSC Napoli,Torino FC,5,3,,,,,HT: 3-0
20161222-ACF-NAP,2016-12-22,2016-17,Serie A,ACF Fiorentina,SSC Napoli,3,3,,,,,HT: 0-1
20170107-NAP-SAM,2017-01-07,2016-17,Serie A,SSC Napoli,Sampdoria,2,1,,,,,HT: 0-1
20170115-NAP-DEL,2017-01-15,2016-17,Serie A,SSC Napoli,Delfino Pescara,3,1,,,,,HT: 0-0
20170121-ACM-NAP,2017-01-21,2016-17,Serie A,AC Milan,SSC Napoli,1,2,,,,,HT: 1-2
20170129-NAP-USP,2017-01-29,2016-17,Serie A,SSC Napoli,US Palermo,1,1,,,,,HT: 0-1
20170204-BOL-NAP,2017-02-04,2016-17,Serie A,Bologna FC,SSC Napoli,1,7,,,,,HT: 1-4
20170210-NAP-GEN,2017-02-10,2016-17,Serie A,SSC Napoli,Genoa CFC,2,0,,,,,HT: 0-0
20170219-CHI-NAP,2017-02-19,2016-17,Serie A,Chievo Verona,SSC Napoli,1,3,,,,,HT: 0-2
20170225-NAP-ATA,2017-02-25,2016-17,Serie A,SSC Napoli,Atalanta,0,2,,,,,HT: 0-1
20170304-ASR-NAP,2017-03-04,2016-17,Serie A,AS Roma,SSC Napoli,1,2,,,,,HT: 0-1
20170312-NAP-FCC,2017-03-12,2016-17,Serie A,SSC Napoli,FC Crotone,3,0,,,,,HT: 1-0
20170319-EMP-NAP,2017-03-19,2016-17,Serie A,Empoli FC,SSC Napoli,2,3,,,,,HT: 0-3
20170402-NAP-JUV,2017-04-02,2016-17,Serie A,SSC Napoli,Juventus,1,1,,,,,HT: 0-1
20170409-LAZ-NAP,2017-04-09,2016-17,Serie A,Lazio Roma,SSC Napoli,0,3,,,,,HT: 0-1
20170415-NAP-UDI,2017-04-15,2016-17,Serie A,SSC Napoli,Udinese Calcio,3,0,,,,,HT: 0-0
20170423-SAS-NAP,2017-04-23,2016-17,Serie A,Sassuolo Calcio,SSC Napoli,2,2,,,,,HT: 0-0
20170430-INT-NAP,2017-04-30,2016-17,Serie A,Inter,SSC Napoli,0,1,,,,,HT: 0-1
20170506-NAP-CAG,2017-05-06,2016-17,Serie A,SSC Napoli,Cagliari Calcio,3,1,,,,,HT: 1-0
20170514-TOR-NAP,2017-05-14,2016-17,Serie A,Torino FC,SSC Napoli,0,5,,,,,HT: 0-1
20170520-NAP-ACF,2017-05-20,2016-17,Serie A,SSC Napoli,ACF Fiorentina,4,1,,,,,HT: 2-0
20170528-SAM-NAP,2017-05-28,2016-17,Serie A,Sampdoria,SSC Napoli,2,4,,,,,HT: 0-2
20170819-HEL-NAP,2017-08-19,2017-18,Serie A,Hellas Verona,SSC Napoli,1,3,,,,,HT: 0-2
20170827-NAP-ATA,2017-08-27,2017-18,Serie A,SSC Napoli,Atalanta,3,1,,,,,HT: 0-1
20170910-BOL-NAP,2017-09-10,2017-18,Serie A,Bologna FC,SSC Napoli,0,3,,,,,HT: 0-0
20170917-NAP-BEN,2017-09-17,2017-18,Serie A,SSC Napoli,Benevento Calcio,6,0,,,,,HT: 4-0
20170920-LAZ-NAP,2017-09-20,2017-18,Serie A,Lazio Roma,SSC Napoli,1,4,,,,,HT: 1-0
20170923-SPA-NAP,2017-09-23,2017-18,Serie A,SPAL 2013 Ferrara,SSC Napoli,2,3,,,,,HT: 1-1
20171001-NAP-CAG,2017-10-01,2017-18,Serie A,SSC Napoli,Cagliari Calcio,3,0,,,,,HT: 2-0
20171014-ASR-NAP,2017-10-14,2017-18,Serie A,AS Roma,SSC Napoli,0,1,,,,,HT: 0-1
20171021-NAP-INT,2017-10-21,2017-18,Serie A,SSC Napoli,Inter,0,0,,,,,
20171025-GEN-NAP,2017-10-25,2017-18,Serie A,Genoa CFC,SSC Napoli,2,3,,,,,HT: 1-2
20171029-NAP-SAS,2017-10-29,2017-18,Serie A,SSC Napoli,Sassuolo Calcio,3,1,,,,,HT: 2-1
20171105-CHI-NAP,2017-11-05,2017-18,Serie A,Chievo Verona,SSC Napoli,0,0,,,,,
20171118-NAP-ACM,2017-11-18,2017-18,Serie A,SSC Napoli,AC Milan,2,1,,,,,HT: 1-0
20171126-UDI-NAP,2017-11-26,2017-18,Serie A,Udinese Calcio,SSC Napoli,0,1,,,,,HT: 0-1
20171201-NAP-JUV,2017-12-01,2017-18,Serie A,SSC Napoli,Juventus,0,1,,,,,HT: 0-1
20171210-NAP-ACF,2017-12-10,2017-18,Serie A,SSC Napoli,ACF Fiorentina,0,0,,,,,
20171216-TOR-NAP,2017-12-16,2017-18,Serie A,Torino FC,SSC Napoli,1,3,,,,,HT: 0-3
20171223-NAP-SAM,2017-12-23,2017-18,Serie A,SSC Napoli,Sampdoria,3,2,,,,,HT: 3-2
20171229-FCC-NAP,2017-12-29,2017-18,Serie A,FC Crotone,SSC Napoli,0,1,,,,,HT: 0-1
20180106-NAP-HEL,2018-01-06,2017-18,Serie A,SSC Napoli,Hellas Verona,2,0,,,,,HT: 0-0
20180121-ATA-NAP,2018-01-21,2017-18,Serie A,Atalanta,SSC Napoli,0,1,,,,,HT: 0-0
20180128-NAP-BOL,2018-01-28,2017-18,Serie A,SSC Napoli,Bologna FC,3,1,,,,,HT: 2-1
20180204-BEN-NAP,2018-02-04,2017-18,Serie A,Benevento Calcio,SSC Napoli,0,2,,,,,HT: 0-1
20180210-NAP-LAZ,2018-02-10,2017-18,Serie A,SSC Napoli,Lazio Roma,4,1,,,,,HT: 1-1
20180218-NAP-SPA,2018-02-18,2017-18,Serie A,SSC Napoli,SPAL 2013 Ferrara,1,0,,,,,HT: 1-0
20180226-CAG-NAP,2018-02-26,2017-18,Serie A,Cagliari Calcio,SSC Napoli,0,5,,,,,HT: 0-2
20180303-NAP-ASR,2018-03-03,2017-18,Serie A,SSC Napoli,AS Roma,2,4,,,,,HT: 1-2
20180311-INT-NAP,2018-03-11,2017-18,Serie A,Inter,SSC Napoli,0,0,,,,,
20180318-NAP-GEN,2018-03-18,2017-18,Serie A,SSC Napoli,Genoa CFC,1,0,,,,,HT: 0-0
20180331-SAS-NAP,2018-03-31,2017-18,Serie A,Sassuolo Calcio,SSC Napoli,1,1,,,,,HT: 1-0
20180408-NAP-CHI,2018-04-08,2017-18,Serie A,SSC Napoli,Chievo Verona,2,1,,,,,HT: 0-0
20180415-ACM-NAP,2018-04-15,2017-18,Serie A,AC Milan,SSC Napoli,0,0,,,,,
20180418-NAP-UDI,2018-04-18,2017-18,Serie A,SSC Napoli,Udinese Calcio,4,2,,,,,HT: 1-1
20180422-JUV-NAP,2018-04-22,2017-18,Serie A,Juventus,SSC Napoli,0,1,,,,,HT: 0-0
20180429-ACF-NAP,2018-04-29,2017-18,Serie A,ACF Fiorentina,SSC Napoli,3,0,,,,,HT: 1-0
20180506-NAP-TOR,2018-05-06,2017-18,Serie A,SSC Napoli,Torino FC,2,2,,,,,HT: 1-0
20180513-SAM-NAP,2018-05-13,2017-18,Serie A,Sampdoria,SSC Napoli,0,2,,,,,HT: 0-0
20180520-NAP-FCC,2018-05-20,2017-18,Serie A,SSC Napoli,FC Crotone,2,1,,,,,HT: 2-0
20180818-LAZ-NAP,2018-08-18,2018-19,Serie A,Lazio Roma,SSC Napoli,1,2,,,,,HT: 1-1
20180825-NAP-ACM,2018-08-25,2018-19,Serie A,SSC Napoli,AC Milan,3,2,,,,,HT: 0-1
20180902-SAM-NAP,2018-09-02,2018-19,Serie A,Sampdoria,SSC Napoli,3,0,,,,,HT: 2-0
20180915-NAP-ACF,2018-09-15,2018-19,Serie A,SSC Napoli,ACF Fiorentina,1,0,,,,,HT: 0-0
20180923-TOR-NAP,2018-09-23,2018-19,Serie A,Torino FC,SSC Napoli,1,3,,,,,HT: 0-2
20180926-NAP-PAR,2018-09-26,2018-19,Serie A,SSC Napoli,Parma Calcio 1913,3,0,,,,,HT: 1-0
20180929-JUV-NAP,2018-09-29,2018-19,Serie A,Juventus,SSC Napoli,3,1,,,,,HT: 1-1
20181007-NAP-SAS,2018-10-07,2018-19,Serie A,SSC Napoli,Sassuolo Calcio,2,0,,,,,HT: 1-0
20181020-UDI-NAP,2018-10-20,2018-19,Serie A,Udinese Calcio,SSC Napoli,0,3,,,,,HT: 0-1
20181028-NAP-ASR,2018-10-28,2018-19,Serie A,SSC Napoli,AS Roma,1,1,,,,,HT: 0-1
20181102-NAP-EMP,2018-11-02,2018-19,Serie A,SSC Napoli,Empoli FC,5,1,,,,,HT: 2-0
20181110-GEN-NAP,2018-11-10,2018-19,Serie A,Genoa CFC,SSC Napoli,1,2,,,,,HT: 1-0
20181125-NAP-CHI,2018-11-25,2018-19,Serie A,SSC Napoli,Chievo Verona,0,0,,,,,
20181203-ATA-NAP,2018-12-03,2018-19,Serie A,Atalanta,SSC Napoli,1,2,,,,,HT: 0-1
20181208-NAP-FRO,2018-12-08,2018-19,Serie A,SSC Napoli,Frosinone Calcio,4,0,,,,,HT: 2-0
20181216-CAG-NAP,2018-12-16,2018-19,Serie A,Cagliari Calcio,SSC Napoli,0,1,,,,,HT: 0-0
20181222-NAP-SPA,2018-12-22,2018-19,Serie A,SSC Napoli,SPAL 2013 Ferrara,1,0,,,,,HT: 1-0
20181226-INT-NAP,2018-12-26,2018-19,Serie A,Inter,SSC Napoli,1,0,,,,,HT: 0-0
20181229-NAP-BOL,2018-12-29,2018-19,Serie A,SSC Napoli,Bologna FC,3,2,,,,,HT: 1-1
20190120-NAP-LAZ,2019-01-20,2018-19,Serie A,SSC Napoli,Lazio Roma,2,1,,,,,HT: 2-0
20190126-ACM-NAP,2019-01-26,2018-19,Serie A,AC Milan,SSC Napoli,0,0,,,,,
20190202-NAP-SAM,2019-02-02,2018-19,Serie A,SSC Napoli,Sampdoria,3,0,,,,,HT: 2-0
20190209-ACF-NAP,2019-02-09,2018-19,Serie A,ACF Fiorentina,SSC Napoli,0,0,,,,,
20190217-NAP-TOR,2019-02-17,2018-19,Serie A,SSC Napoli,Torino FC,0,0,,,,,
20190224-PAR-NAP,2019-02-24,2018-19,Serie A,Parma Calcio 1913,SSC Napoli,0,4,,,,,HT: 0-2
20190303-NAP-JUV,2019-03-03,2018-19,Serie A,SSC Napoli,Juventus,1,2,,,,,HT: 0-2
20190310-SAS-NAP,2019-03-10,2018-19,Serie A,Sassuolo Calcio,SSC Napoli,1,1,,,,,HT: 0-0
20190317-NAP-UDI,2019-03-17,2018-19,Serie A,SSC Napoli,Udinese Calcio,4,2,,,,,HT: 2-2
20190331-ASR-NAP,2019-03-31,2018-19,Serie A,AS Roma,SSC Napoli,1,4,,,,,HT: 1-1
20190403-EMP-NAP,2019-04-03,2018-19,Serie A,Empoli FC,SSC Napoli,2,1,,,,,HT: 1-1
20190407-NAP-GEN,2019-04-07,2018-19,Serie A,SSC Napoli,Genoa CFC,1,1,,,,,HT: 1-1
20190414-CHI-NAP,2019-04-14,2018-19,Serie A,Chievo Verona,SSC Napoli,1,3,,,,,HT: 0-1
20190422-NAP-ATA,2019-04-22,2018-19,Serie A,SSC Napoli,Atalanta,1,2,,,,,HT: 1-0
20190428-FRO-NAP,2019-04-28,2018-19,Serie A,Frosinone Calcio,SSC Napoli,0,2,,,,,HT: 0-1
20190505-NAP-CAG,2019-05-05,2018-19,Serie A,SSC Napoli,Cagliari Calcio,2,1,,,,,HT: 0-0
20190512-SPA-NAP,2019-05-12,2018-19,Serie A,SPAL 2013 Ferrara,SSC Napoli,1,2,,,,,HT: 0-0
20190519-NAP-INT,2019-05-19,2018-19,Serie A,SSC Napoli,Inter,4,1,,,,,HT: 1-0
20190525-BOL-NAP,2019-05-25,2018-19,Serie A,Bologna FC,SSC Napoli,3,2,,,,,HT: 2-0
20190824-ACF-NAP,2019-08-24,2019-20,Serie A,ACF Fiorentina,SSC Napoli,3,4,,,,,HT: 1-2
20190831-JUV-NAP,2019-08-31,2019-20,Serie A,Juventus,SSC Napoli,4,3,,,,,HT: 2-0
20190914-NAP-SAM,2019-09-14,2019-20,Serie A,SSC Napoli,Sampdoria,2,0,,,,,HT: 1-0
20190922-USL-NAP,2019-09-22,2019-20,Serie A,US Lecce,SSC Napoli,1,4,,,,,HT: 0-2
20190925-NAP-CAG,2019-09-25,2019-20,Serie A,SSC Napoli,Cagliari Calcio,0,1,,,,,HT: 0-0
20190929-NAP-BRE,2019-09-29,2019-20,Serie A,SSC Napoli,Brescia Calcio,2,1,,,,,HT: 2-0
20191006-TOR-NAP,2019-10-06,2019-20,Serie A,Torino FC,SSC Napoli,0,0,,,,,
20191019-NAP-HEL,2019-10-19,2019-20,Serie A,SSC Napoli,Hellas Verona,2,0,,,,,HT: 1-0
20191027-SPA-NAP,2019-10-27,2019-20,Serie A,SPAL 2013 Ferrara,SSC Napoli,1,1,,,,,HT: 1-1
20191030-NAP-ATA,2019-10-30,2019-20,Serie A,SSC Napoli,Atalanta,2,2,,,,,HT: 1-1
20191102-ASR-NAP,2019-11-02,2019-20,Serie A,AS Roma,SSC Napoli,2,1,,,,,HT: 1-0
20191109-NAP-GEN,2019-11-09,2019-20,Serie A,SSC Napoli,Genoa CFC,0,0,,,,,
20191123-ACM-NAP,2019-11-23,2019-20,Serie A,AC Milan,SSC Napoli,1,1,,,,,HT: 1-1
20191201-NAP-BOL,2019-12-01,2019-20,Serie A,SSC Napoli,Bologna FC,1,2,,,,,HT: 1-0
20191207-UDI-NAP,2019-12-07,2019-20,Serie A,Udinese Calcio,SSC Napoli,1,1,,,,,HT: 1-0
20191214-NAP-PAR,2019-12-14,2019-20,Serie A,SSC Napoli,Parma Calcio 1913,1,2,,,,,HT: 0-1
20191222-SAS-NAP,2019-12-22,2019-20,Serie A,Sassuolo Calcio,SSC Napoli,1,2,,,,,HT: 1-0
20200106-NAP-INT,2020-01-06,2019-20,Serie A,SSC Napoli,Inter,1,3,,,,,HT: 1-2
20200111-LAZ-NAP,2020-01-11,2019-20,Serie A,Lazio Roma,SSC Napoli,1,0,,,,,HT: 0-0
20200118-NAP-ACF,2020-01-18,2019-20,Serie A,SSC Napoli,ACF Fiorentina,0,2,,,,,HT: 0-1
20200126-NAP-JUV,2020-01-26,2019-20,Serie A,SSC Napoli,Juventus,2,1,,,,,HT: 0-0
20200203-SAM-NAP,2020-02-03,2019-20,Serie A,Sampdoria,SSC Napoli,2,4,,,,,HT: 1-2
20200209-NAP-USL,2020-02-09,2019-20,Serie A,SSC Napoli,US Lecce,2,3,,,,,HT: 0-1
20200216-CAG-NAP,2020-02-16,2019-20,Serie A,Cagliari Calcio,SSC Napoli,0,1,,,,,HT: 0-0
20200221-BRE-NAP,2020-02-21,2019-20,Serie A,Brescia Calcio,SSC Napoli,1,2,,,,,HT: 1-0
20200229-NAP-TOR,2020-02-29,2019-20,Serie A,SSC Napoli,Torino FC,2,1,,,,,HT: 1-0
20200623-HEL-NAP,2020-06-23,2019-20,Serie A,Hellas Verona,SSC Napoli,0,2,,,,,HT: 0-1
20200628-NAP-SPA,2020-06-28,2019-20,Serie A,SSC Napoli,SPAL 2013 Ferrara,3,1,,,,,HT: 2-1
20190702-ATA-NAP,2019-07-02,2019-20,Serie A,Atalanta,SSC Napoli,2,0,,,,,HT: 0-0
20190705-NAP-ASR,2019-07-05,2019-20,Serie A,SSC Napoli,AS Roma,2,1,,,,,HT: 0-0
20190708-GEN-NAP,2019-07-08,2019-20,Serie A,Genoa CFC,SSC Napoli,1,2,,,,,HT: 0-1
20190712-NAP-ACM,2019-07-12,2019-20,Serie A,SSC Napoli,AC Milan,2,2,,,,,HT: 1-1
20190715-BOL-NAP,2019-07-15,2019-20,Serie A,Bologna FC,SSC Napoli,1,1,,,,,HT: 0-1
20190719-NAP-UDI,2019-07-19,2019-20,Serie A,SSC Napoli,Udinese Calcio,2,1,,,,,HT: 1-1
20190722-PAR-NAP,2019-07-22,2019-20,Serie A,Parma Calcio 1913,SSC Napoli,2,1,,,,,HT: 1-0
20190725-NAP-SAS,2019-07-25,2019-20,Serie A,SSC Napoli,Sassuolo Calcio,2,0,,,,,HT: 1-0
20190728-INT-NAP,2019-07-28,2019-20,Serie A,Inter,SSC Napoli,2,0,,,,,HT: 1-0
20190801-NAP-LAZ,2019-08-01,2019-20,Serie A,SSC Napoli,Lazio Roma,3,1,,,,,HT: 1-1
20200920-PAR-NAP,2020-09-20,2020-21,Serie A,Parma Calcio 1913,SSC Napoli,0,2,,,,,HT: 0-0
20200927-NAP-GEN,2020-09-27,2020-21,Serie A,SSC Napoli,Genoa CFC,6,0,,,,,HT: 1-0
20201017-NAP-ATA,2020-10-17,2020-21,Serie A,SSC Napoli,Atalanta BC,4,1,,,,,HT: 4-0
20201025-BEN-NAP,2020-10-25,2020-21,Serie A,Benevento Calcio,SSC Napoli,1,2,,,,,HT: 1-0
20201101-NAP-USS,2020-11-01,2020-21,Serie A,SSC Napoli,US Sassuolo Calcio,0,2,,,,,HT: 0-0
20201108-BOL-NAP,2020-11-08,2020-21,Serie A,Bologna FC 1909,SSC Napoli,0,1,,,,,HT: 0-1
20201122-NAP-ACM,2020-11-22,2020-21,Serie A,SSC Napoli,AC Milan,1,3,,,,,HT: 0-1
20201129-NAP-ASR,2020-11-29,2020-21,Serie A,SSC Napoli,AS Roma,4,0,,,,,HT: 1-0
20201206-FCC-NAP,2020-12-06,2020-21,Serie A,FC Crotone,SSC Napoli,0,4,,,,,HT: 0-1
20201213-NAP-UCS,2020-12-13,2020-21,Serie A,SSC Napoli,UC Sampdoria,2,1,,,,,HT: 0-1
20201216-FCI-NAP,2020-12-16,2020-21,Serie A,FC Internazionale Milano,SSC Napoli,1,0,,,,,HT: 0-0
20201220-SSL-NAP,2020-12-20,2020-21,Serie A,SS Lazio,SSC Napoli,2,0,,,,,HT: 1-0
20201223-NAP-TOR,2020-12-23,2020-21,Serie A,SSC Napoli,Torino FC,1,1,,,,,HT: 0-0
20210103-CAG-NAP,2021-01-03,2020-21,Serie A,Cagliari Calcio,SSC Napoli,1,4,,,,,HT: 0-1
20210106-NAP-SPE,2021-01-06,2020-21,Serie A,SSC Napoli,Spezia Calcio,1,2,,,,,HT: 0-0
20210110-UDI-NAP,2021-01-10,2020-21,Serie A,Udinese Calcio,SSC Napoli,1,2,,,,,HT: 1-1
20210117-NAP-ACF,2021-01-17,2020-21,Serie A,SSC Napoli,ACF Fiorentina,6,0,,,,,HT: 4-0
20210124-HEL-NAP,2021-01-24,2020-21,Serie A,Hellas Verona FC,SSC Napoli,3,1,,,,,HT: 1-1
20210131-NAP-PAR,2021-01-31,2020-21,Serie A,SSC Napoli,Parma Calcio 1913,2,0,,,,,HT: 1-0
20210206-GEN-NAP,2021-02-06,2020-21,Serie A,Genoa CFC,SSC Napoli,2,1,,,,,HT: 2-0
20210213-NAP-JUV,2021-02-13,2020-21,Serie A,SSC Napoli,Juventus FC,1,0,,,,,HT: 1-0
20210221-ATA-NAP,2021-02-21,2020-21,Serie A,Atalanta BC,SSC Napoli,4,2,,,,,HT: 0-0
20210228-NAP-BEN,2021-02-28,2020-21,Serie A,SSC Napoli,Benevento Calcio,2,0,,,,,HT: 1-0
20210303-USS-NAP,2021-03-03,2020-21,Serie A,US Sassuolo Calcio,SSC Napoli,3,3,,,,,HT: 2-1
20210307-NAP-BOL,2021-03-07,2020-21,Serie A,SSC Napoli,Bologna FC 1909,3,1,,,,,HT: 1-0
20210314-ACM-NAP,2021-03-14,2020-21,Serie A,AC Milan,SSC Napoli,0,1,,,,,HT: 0-0
20210321-ASR-NAP,2021-03-21,2020-21,Serie A,AS Roma,SSC Napoli,0,2,,,,,HT: 0-2
20210403-NAP-FCC,2021-04-03,2020-21,Serie A,SSC Napoli,FC Crotone,4,3,,,,,HT: 3-1
20210407-JUV-NAP,2021-04-07,2020-21,Serie A,Juventus FC,SSC Napoli,2,1,,,,,HT: 1-0
20210411-UCS-NAP,2021-04-11,2020-21,Serie A,UC Sampdoria,SSC Napoli,0,2,,,,,HT: 0-1
20210418-NAP-FCI,2021-04-18,2020-21,Serie A,SSC Napoli,FC Internazionale Milano,1,1,,,,,HT: 1-0
20210422-NAP-SSL,2021-04-22,2020-21,Serie A,SSC Napoli,SS Lazio,5,2,,,,,HT: 2-0
20210426-TOR-NAP,2021-04-26,2020-21,Serie A,Torino FC,SSC Napoli,0,2,,,,,HT: 0-2
20210502-NAP-CAG,2021-05-02,2020-21,Serie A,SSC Napoli,Cagliari Calcio,1,1,,,,,HT: 1-0
20210508-SPE-NAP,2021-05-08,2020-21,Serie A,Spezia Calcio,SSC Napoli,1,4,,,,,HT: 0-3
20210511-NAP-UDI,2021-05-11,2020-21,Serie A,SSC Napoli,Udinese Calcio,5,1,,,,,HT: 2-1
20210516-ACF-NAP,2021-05-16,2020-21,Serie A,ACF Fiorentina,SSC Napoli,0,2,,,,,HT: 0-0
20210523-NAP-HEL,2021-05-23,2020-21,Serie A,SSC Napoli,Hellas Verona FC,1,1,,,,,HT: 0-0
20210113-NAP-EMP,2021-01-13,2020-21,Coppa Italia,SSC Napoli,Empoli FC,3,2,,,,,HT: 2-1
20210128-NAP-SPE,2021-01-28,2020-21,Coppa Italia,SSC Napoli,Spezia Calcio,4,2,,,,,HT: 4-0
20210203-NAP-ATA,2021-02-03,2020-21,Coppa Italia,SSC Napoli,Atalanta,0,0,,,,,
20210210-ATA-NAP,2021-02-10,2020-21,Coppa Italia,Atalanta,SSC Napoli,3,1,,,,,HT: 2-0
20210822-NAP-VEN,2021-08-22,2021-22,Serie A,SSC Napoli,Venezia FC,2,0,,,,,HT: 0-0
20210829-GEN-NAP,2021-08-29,2021-22,Serie A,Genoa CFC,SSC Napoli,1,2,,,,,HT: 0-1
20210911-NAP-JUV,2021-09-11,2021-22,Serie A,SSC Napoli,Juventus FC,2,1,,,,,HT: 0-1
20210920-UDI-NAP,2021-09-20,2021-22,Serie A,Udinese Calcio,SSC Napoli,0,4,,,,,HT: 0-2
20210923-UCS-NAP,2021-09-23,2021-22,Serie A,UC Sampdoria,SSC Napoli,0,4,,,,,HT: 0-2
20210926-NAP-CAG,2021-09-26,2021-22,Serie A,SSC Napoli,Cagliari Calcio,2,0,,,,,HT: 1-0
20211003-ACF-NAP,2021-10-03,2021-22,Serie A,ACF Fiorentina,SSC Napoli,1,2,,,,,HT: 1-1
20211017-NAP-TOR,2021-10-17,2021-22,Serie A,SSC Napoli,Torino FC,1,0,,,,,HT: 0-0
20211024-ASR-NAP,2021-10-24,2021-22,Serie A,AS Roma,SSC Napoli,0,0,,,,,
20211028-NAP-BOL,2021-10-28,2021-22,Serie A,SSC Napoli,Bologna FC 1909,3,0,,,,,HT: 2-0
20211031-USS-NAP,2021-10-31,2021-22,Serie A,US Salernitana 1919,SSC Napoli,0,1,,,,,HT: 0-0
20211107-NAP-HEL,2021-11-07,2021-22,Serie A,SSC Napoli,Hellas Verona FC,1,1,,,,,HT: 1-1
20211121-FCI-NAP,2021-11-21,2021-22,Serie A,FC Internazionale Milano,SSC Napoli,3,2,,,,,HT: 2-1
20211128-NAP-SSL,2021-11-28,2021-22,Serie A,SSC Napoli,SS Lazio,4,0,,,,,HT: 3-0
20211201-USS-NAP,2021-12-01,2021-22,Serie A,US Sassuolo Calcio,SSC Napoli,2,2,,,,,HT: 0-0
20211204-NAP-ATA,2021-12-04,2021-22,Serie A,SSC Napoli,Atalanta BC,2,3,,,,,HT: 1-1
20211212-NAP-EMP,2021-12-12,2021-22,Serie A,SSC Napoli,Empoli FC,0,1,,,,,HT: 0-0
20211219-ACM-NAP,2021-12-19,2021-22,Serie A,AC Milan,SSC Napoli,0,1,,,,,HT: 0-1
20211222-NAP-SPE,2021-12-22,2021-22,Serie A,SSC Napoli,Spezia Calcio,0,1,,,,,HT: 0-1
20220106-JUV-NAP,2022-01-06,2021-22,Serie A,Juventus FC,SSC Napoli,1,1,,,,,HT: 0-1
20220109-NAP-UCS,2022-01-09,2021-22,Serie A,SSC Napoli,UC Sampdoria,1,0,,,,,HT: 1-0
20220117-BOL-NAP,2022-01-17,2021-22,Serie A,Bologna FC 1909,SSC Napoli,0,2,,,,,HT: 0-1
20220123-NAP-USS,2022-01-23,2021-22,Serie A,SSC Napoli,US Salernitana 1919,4,1,,,,,HT: 2-1
20220206-VEN-NAP,2022-02-06,2021-22,Serie A,Venezia FC,SSC Napoli,0,2,,,,,HT: 0-0
20220212-NAP-FCI,2022-02-12,2021-22,Serie A,SSC Napoli,FC Internazionale Milano,1,1,,,,,HT: 1-0
20220221-CAG-NAP,2022-02-21,2021-22,Serie A,Cagliari Calcio,SSC Napoli,1,1,,,,,HT: 0-0
20220227-SSL-NAP,2022-02-27,2021-22,Serie A,SS Lazio,SSC Napoli,1,2,,,,,HT: 0-0
20220306-NAP-ACM,2022-03-06,2021-22,Serie A,SSC Napoli,AC Milan,0,1,,,,,HT: 0-0
20220313-HEL-NAP,2022-03-13,2021-22,Serie A,Hellas Verona FC,SSC Napoli,1,2,,,,,HT: 0-1
20220319-NAP-UDI,2022-03-19,2021-22,Serie A,SSC Napoli,Udinese Calcio,2,1,,,,,HT: 0-1
20220403-ATA-NAP,2022-04-03,2021-22,Serie A,Atalanta BC,SSC Napoli,1,3,,,,,HT: 0-2
20220410-NAP-ACF,2022-04-10,2021-22,Serie A,SSC Napoli,ACF Fiorentina,2,3,,,,,HT: 0-1
20220418-NAP-ASR,2022-04-18,2021-22,Serie A,SSC Napoli,AS Roma,1,1,,,,,HT: 1-0
20220424-EMP-NAP,2022-04-24,2021-22,Serie A,Empoli FC,SSC Napoli,3,2,,,,,HT: 0-1
20220430-NAP-USS,2022-04-30,2021-22,Serie A,SSC Napoli,US Sassuolo Calcio,6,1,,,,,HT: 4-0
20220507-TOR-NAP,2022-05-07,2021-22,Serie A,Torino FC,SSC Napoli,0,1,,,,,HT: 0-0
20220515-NAP-GEN,2022-05-15,2021-22,Serie A,SSC Napoli,Genoa CFC,3,0,,,,,HT: 1-0
20220522-SPE-NAP,2022-05-22,2021-22,Serie A,Spezia Calcio,SSC Napoli,0,3,,,,,HT: 0-3
20220113-NAP-AET,2022-01-13,2021-22,Coppa Italia,SSC Napoli,"a.e.t. (2-2, 1-1)  ACF Fiorentina",2,5,,,,,
20220815-HEL-NAP,2022-08-15,2022-23,Serie A,Hellas Verona FC,SSC Napoli,2,5,,,,,HT: 1-2
20220821-NAP-ACM,2022-08-21,2022-23,Serie A,SSC Napoli,AC Monza,4,0,,,,,HT: 2-0
20220828-ACF-NAP,2022-08-28,2022-23,Serie A,ACF Fiorentina,SSC Napoli,0,0,,,,,
20220831-NAP-USL,2022-08-31,2022-23,Serie A,SSC Napoli,US Lecce,1,1,,,,,HT: 1-1
20220903-SSL-NAP,2022-09-03,2022-23,Serie A,SS Lazio,SSC Napoli,1,2,,,,,HT: 1-1
20220910-NAP-SPE,2022-09-10,2022-23,Serie A,SSC Napoli,Spezia Calcio,1,0,,,,,HT: 0-0
20220918-ACM-NAP,2022-09-18,2022-23,Serie A,AC Milan,SSC Napoli,1,2,,,,,HT: 0-0
20221001-NAP-TOR,2022-10-01,2022-23,Serie A,SSC Napoli,Torino FC,3,1,,,,,HT: 3-1
20221009-USC-NAP,2022-10-09,2022-23,Serie A,US Cremonese,SSC Napoli,1,4,,,,,HT: 0-1
20221016-NAP-BOL,2022-10-16,2022-23,Serie A,SSC Napoli,Bologna FC 1909,3,2,,,,,HT: 1-1
20221023-ASR-NAP,2022-10-23,2022-23,Serie A,AS Roma,SSC Napoli,0,1,,,,,HT: 0-0
20221029-NAP-USS,2022-10-29,2022-23,Serie A,SSC Napoli,US Sassuolo Calcio,4,0,,,,,HT: 3-0
20221105-ATA-NAP,2022-11-05,2022-23,Serie A,Atalanta BC,SSC Napoli,1,2,,,,,HT: 1-2
20221108-NAP-EMP,2022-11-08,2022-23,Serie A,SSC Napoli,Empoli FC,2,0,,,,,HT: 0-0
20221112-NAP-UDI,2022-11-12,2022-23,Serie A,SSC Napoli,Udinese Calcio,3,2,,,,,HT: 2-0
20230104-FCI-NAP,2023-01-04,2022-23,Serie A,FC Internazionale Milano,SSC Napoli,1,0,,,,,HT: 0-0
20230108-UCS-NAP,2023-01-08,2022-23,Serie A,UC Sampdoria,SSC Napoli,0,2,,,,,HT: 0-1
20230113-NAP-JUV,2023-01-13,2022-23,Serie A,SSC Napoli,Juventus FC,5,1,,,,,HT: 2-1
20230121-USS-NAP,2023-01-21,2022-23,Serie A,US Salernitana 1919,SSC Napoli,0,2,,,,,HT: 0-1
20230129-NAP-ASR,2023-01-29,2022-23,Serie A,SSC Napoli,AS Roma,2,1,,,,,HT: 1-0
20230205-SPE-NAP,2023-02-05,2022-23,Serie A,Spezia Calcio,SSC Napoli,0,3,,,,,HT: 0-0
20230212-NAP-USC,2023-02-12,2022-23,Serie A,SSC Napoli,US Cremonese,3,0,,,,,HT: 1-0
20230217-USS-NAP,2023-02-17,2022-23,Serie A,US Sassuolo Calcio,SSC Napoli,0,2,,,,,HT: 0-2
20230225-EMP-NAP,2023-02-25,2022-23,Serie A,Empoli FC,SSC Napoli,0,2,,,,,HT: 0-2
20230303-NAP-SSL,2023-03-03,2022-23,Serie A,SSC Napoli,SS Lazio,0,1,,,,,HT: 0-0
20230311-NAP-ATA,2023-03-11,2022-23,Serie A,SSC Napoli,Atalanta BC,2,0,,,,,HT: 0-0
20230319-TOR-NAP,2023-03-19,2022-23,Serie A,Torino FC,SSC Napoli,0,4,,,,,HT: 0-2
20230402-NAP-ACM,2023-04-02,2022-23,Serie A,SSC Napoli,AC Milan,0,4,,,,,HT: 0-2
20230407-USL-NAP,2023-04-07,2022-23,Serie A,US Lecce,SSC Napoli,1,2,,,,,HT: 0-1
20230415-NAP-HEL,2023-04-15,2022-23,Serie A,SSC Napoli,Hellas Verona FC,0,0,,,,,
20230423-JUV-NAP,2023-04-23,2022-23,Serie A,Juventus FC,SSC Napoli,0,1,,,,,HT: 0-0
20230430-NAP-USS,2023-04-30,2022-23,Serie A,SSC Napoli,US Salernitana 1919,1,1,,,,,HT: 0-0
20230504-UDI-NAP,2023-05-04,2022-23,Serie A,Udinese Calcio,SSC Napoli,1,1,,,,,HT: 1-0
20230507-NAP-ACF,2023-05-07,2022-23,Serie A,SSC Napoli,ACF Fiorentina,1,0,,,,,HT: 0-0
20230514-ACM-NAP,2023-05-14,2022-23,Serie A,AC Monza,SSC Napoli,2,0,,,,,HT: 1-0
20230521-NAP-FCI,2023-05-21,2022-23,Serie A,SSC Napoli,FC Internazionale Milano,3,1,,,,,HT: 0-0
20230528-BOL-NAP,2023-05-28,2022-23,Serie A,Bologna FC 1909,SSC Napoli,2,2,,,,,HT: 0-1
20230604-NAP-UCS,2023-06-04,2022-23,Serie A,SSC Napoli,UC Sampdoria,2,0,,,,,HT: 0-0
20230117-NAP-PEN,2023-01-17,2022-23,Coppa Italia,SSC Napoli,"pen. 2-2 a.e.t. (2-2, 2-1)  US Cremonese",4,5,,,,,
20230819-FRO-NAP,2023-08-19,2023-24,Serie A,Frosinone Calcio,SSC Napoli,1,3,,,,,HT: 1-2
20230827-NAP-USS,2023-08-27,2023-24,Serie A,SSC Napoli,US Sassuolo Calcio,2,0,,,,,HT: 1-0
20230902-NAP-SSL,2023-09-02,2023-24,Serie A,SSC Napoli,SS Lazio,1,2,,,,,HT: 1-1
20230916-GEN-NAP,2023-09-16,2023-24,Serie A,Genoa CFC,SSC Napoli,2,2,,,,,HT: 1-0
20230924-BOL-NAP,2023-09-24,2023-24,Serie A,Bologna FC 1909,SSC Napoli,0,0,,,,,
20230927-NAP-UDI,2023-09-27,2023-24,Serie A,SSC Napoli,Udinese Calcio,4,1,,,,,HT: 2-0
20230930-USL-NAP,2023-09-30,2023-24,Serie A,US Lecce,SSC Napoli,0,4,,,,,HT: 0-1
20231008-NAP-ACF,2023-10-08,2023-24,Serie A,SSC Napoli,ACF Fiorentina,1,3,,,,,HT: 1-1
20231021-HEL-NAP,2023-10-21,2023-24,Serie A,Hellas Verona FC,SSC Napoli,1,3,,,,,HT: 0-2
20231029-NAP-ACM,2023-10-29,2023-24,Serie A,SSC Napoli,AC Milan,2,2,,,,,HT: 0-2
20231104-USS-NAP,2023-11-04,2023-24,Serie A,US Salernitana 1919,SSC Napoli,0,2,,,,,HT: 0-1
20231112-NAP-EMP,2023-11-12,2023-24,Serie A,SSC Napoli,Empoli FC,0,1,,,,,HT: 0-0
20231125-ATA-NAP,2023-11-25,2023-24,Serie A,Atalanta BC,SSC Napoli,1,2,,,,,HT: 0-1
20231203-NAP-FCI,2023-12-03,2023-24,Serie A,SSC Napoli,FC Internazionale Milano,0,3,,,,,HT: 0-1
20231208-JUV-NAP,2023-12-08,2023-24,Serie A,Juventus FC,SSC Napoli,1,0,,,,,HT: 0-0
20231216-NAP-CAG,2023-12-16,2023-24,Serie A,SSC Napoli,Cagliari Calcio,2,1,,,,,HT: 0-0
20231223-ASR-NAP,2023-12-23,2023-24,Serie A,AS Roma,SSC Napoli,2,0,,,,,HT: 0-0
20231229-NAP-ACM,2023-12-29,2023-24,Serie A,SSC Napoli,AC Monza,0,0,,,,,
20240107-TOR-NAP,2024-01-07,2023-24,Serie A,Torino FC,SSC Napoli,3,0,,,,,HT: 1-0
20240113-NAP-USS,2024-01-13,2023-24,Serie A,SSC Napoli,US Salernitana 1919,2,1,,,,,HT: 1-1
20240128-SSL-NAP,2024-01-28,2023-24,Serie A,SS Lazio,SSC Napoli,0,0,,,,,
20240204-NAP-HEL,2024-02-04,2023-24,Serie A,SSC Napoli,Hellas Verona FC,2,1,,,,,HT: 0-0
20240211-ACM-NAP,2024-02-11,2023-24,Serie A,AC Milan,SSC Napoli,1,0,,,,,HT: 1-0
20240217-NAP-GEN,2024-02-17,2023-24,Serie A,SSC Napoli,Genoa CFC,1,1,,,,,HT: 0-0
20240225-CAG-NAP,2024-02-25,2023-24,Serie A,Cagliari Calcio,SSC Napoli,1,1,,,,,HT: 0-0
20240228-USS-NAP,2024-02-28,2023-24,Serie A,US Sassuolo Calcio,SSC Napoli,1,6,,,,,HT: 1-3
20240303-NAP-JUV,2024-03-03,2023-24,Serie A,SSC Napoli,Juventus FC,2,1,,,,,HT: 1-0
20240308-NAP-TOR,2024-03-08,2023-24,Serie A,SSC Napoli,Torino FC,1,1,,,,,HT: 0-0
20240317-FCI-NAP,2024-03-17,2023-24,Serie A,FC Internazionale Milano,SSC Napoli,1,1,,,,,HT: 1-0
20240330-NAP-ATA,2024-03-30,2023-24,Serie A,SSC Napoli,Atalanta BC,0,3,,,,,HT: 0-2
20240407-ACM-NAP,2024-04-07,2023-24,Serie A,AC Monza,SSC Napoli,2,4,,,,,HT: 1-0
20240414-NAP-FRO,2024-04-14,2023-24,Serie A,SSC Napoli,Frosinone Calcio,2,2,,,,,HT: 1-0
20240420-EMP-NAP,2024-04-20,2023-24,Serie A,Empoli FC,SSC Napoli,1,0,,,,,HT: 1-0
20240428-NAP-ASR,2024-04-28,2023-24,Serie A,SSC Napoli,AS Roma,2,2,,,,,HT: 0-0
20240506-UDI-NAP,2024-05-06,2023-24,Serie A,Udinese Calcio,SSC Napoli,1,1,,,,,HT: 0-0
20240511-NAP-BOL,2024-05-11,2023-24,Serie A,SSC Napoli,Bologna FC 1909,0,2,,,,,HT: 0-2
20240517-ACF-NAP,2024-05-17,2023-24,Serie A,ACF Fiorentina,SSC Napoli,2,2,,,,,HT: 2-1
20240526-NAP-USL,2024-05-26,2023-24,Serie A,SSC Napoli,US Lecce,0,0,,,,,
20231219-NAP-FRO,2023-12-19,2023-24,Coppa Italia,SSC Napoli,Frosinone Calcio,0,4,,,,,HT: 0-0
20240818-HEL-NAP,2024-08-18,2024-25,Serie A,Hellas Verona FC,SSC Napoli,3,0,,,,,HT: 0-0
20240825-NAP-BOL,2024-08-25,2024-25,Serie A,SSC Napoli,Bologna FC 1909,3,0,,,,,HT: 1-0
20240831-NAP-PAR,2024-08-31,2024-25,Serie A,SSC Napoli,Parma Calcio 1913,2,1,,,,,HT: 0-1
20240915-CAG-NAP,2024-09-15,2024-25,Serie A,Cagliari Calcio,SSC Napoli,0,4,,,,,HT: 0-1
20240921-JUV-NAP,2024-09-21,2024-25,Serie A,Juventus FC,SSC Napoli,0,0,,,,,
20240929-NAP-ACM,2024-09-29,2024-25,Serie A,SSC Napoli,AC Monza,2,0,,,,,HT: 2-0
20241004-NAP-COM,2024-10-04,2024-25,Serie A,SSC Napoli,Como 1907,3,1,,,,,HT: 1-1
20241020-EMP-NAP,2024-10-20,2024-25,Serie A,Empoli FC,SSC Napoli,0,1,,,,,HT: 0-0
20241026-NAP-USL,2024-10-26,2024-25,Serie A,SSC Napoli,US Lecce,1,0,,,,,HT: 0-0
20241029-ACM-NAP,2024-10-29,2024-25,Serie A,AC Milan,SSC Napoli,0,2,,,,,HT: 0-2
20241103-NAP-ATA,2024-11-03,2024-25,Serie A,SSC Napoli,Atalanta BC,0,3,,,,,HT: 0-2
20241110-FCI-NAP,2024-11-10,2024-25,Serie A,FC Internazionale Milano,SSC Napoli,1,1,,,,,HT: 1-1
20241124-NAP-ASR,2024-11-24,2024-25,Serie A,SSC Napoli,AS Roma,1,0,,,,,HT: 0-0
20241201-TOR-NAP,2024-12-01,2024-25,Serie A,Torino FC,SSC Napoli,0,1,,,,,HT: 0-1
20241208-NAP-SSL,2024-12-08,2024-25,Serie A,SSC Napoli,SS Lazio,0,1,,,,,HT: 0-0
20241214-UDI-NAP,2024-12-14,2024-25,Serie A,Udinese Calcio,SSC Napoli,1,3,,,,,HT: 1-0
20241221-GEN-NAP,2024-12-21,2024-25,Serie A,Genoa CFC,SSC Napoli,1,2,,,,,HT: 0-2
20241229-NAP-VEN,2024-12-29,2024-25,Serie A,SSC Napoli,Venezia FC,1,0,,,,,HT: 0-0
20250104-ACF-NAP,2025-01-04,2024-25,Serie A,ACF Fiorentina,SSC Napoli,0,3,,,,,HT: 0-1
20250112-NAP-HEL,2025-01-12,2024-25,Serie A,SSC Napoli,Hellas Verona FC,2,0,,,,,HT: 1-0
20250118-ATA-NAP,2025-01-18,2024-25,Serie A,Atalanta BC,SSC Napoli,2,3,,,,,HT: 1-2
20250125-NAP-JUV,2025-01-25,2024-25,Serie A,SSC Napoli,Juventus FC,2,1,,,,,HT: 0-1
20250202-ASR-NAP,2025-02-02,2024-25,Serie A,AS Roma,SSC Napoli,1,1,,,,,HT: 0-1
20250209-NAP-UDI,2025-02-09,2024-25,Serie A,SSC Napoli,Udinese Calcio,1,1,,,,,HT: 1-1
20250215-SSL-NAP,2025-02-15,2024-25,Serie A,SS Lazio,SSC Napoli,2,2,,,,,HT: 1-1
20250223-COM-NAP,2025-02-23,2024-25,Serie A,Como 1907,SSC Napoli,2,1,,,,,HT: 1-1
20250301-NAP-FCI,2025-03-01,2024-25,Serie A,SSC Napoli,FC Internazionale Milano,1,1,,,,,HT: 0-1
20250309-NAP-ACF,2025-03-09,2024-25,Serie A,SSC Napoli,ACF Fiorentina,2,1,,,,,HT: 1-0
20250316-VEN-NAP,2025-03-16,2024-25,Serie A,Venezia FC,SSC Napoli,0,0,,,,,
20250330-NAP-ACM,2025-03-30,2024-25,Serie A,SSC Napoli,AC Milan,2,1,,,,,HT: 2-0
20250407-BOL-NAP,2025-04-07,2024-25,Serie A,Bologna FC 1909,SSC Napoli,1,1,,,,,HT: 0-1
20250414-NAP-EMP,2025-04-14,2024-25,Serie A,SSC Napoli,Empoli FC,3,0,,,,,HT: 1-0
20250419-ACM-NAP,2025-04-19,2024-25,Serie A,AC Monza,SSC Napoli,0,1,,,,,HT: 0-0
20250427-NAP-TOR,2025-04-27,2024-25,Serie A,SSC Napoli,Torino FC,2,0,,,,,HT: 2-0
20250503-USL-NAP,2025-05-03,2024-25,Serie A,US Lecce,SSC Napoli,0,1,,,,,HT: 0-1
20250511-NAP-GEN,2025-05-11,2024-25,Serie A,SSC Napoli,Genoa CFC,2,2,,,,,HT: 1-1
20250518-PAR-NAP,2025-05-18,2024-25,Serie A,Parma Calcio 1913,SSC Napoli,0,0,,,,,
20250523-NAP-CAG,2025-05-23,2024-25,Serie A,SSC Napoli,Cagliari Calcio,2,0,,,,,HT: 1-0
20240810-NAP-MOD,2024-08-10,2024-25,Coppa Italia,SSC Napoli,Modena FC,4,3,,,,,
20240926-NAP-PAL,2024-09-26,2024-25,Coppa Italia,SSC Napoli,Palermo FC,5,0,,,,,HT: 3-0
20241205-LAZ-NAP,2024-12-05,2024-25,Coppa Italia,Lazio Roma,SSC Napoli,3,1,,,,,HT: 2-1
20250823-SAS-NAP,2025-08-23,2025-26,Serie A,Sassuolo,Napoli,0,2,,,,,HT: 0-1
20250830-NAP-CAG,2025-08-30,2025-26,Serie A,Napoli,Cagliari,1,0,,,,,HT: 0-0
20250913-FIO-NAP,2025-09-13,2025-26,Serie A,Fiorentina,Napoli,1,3,,,,,HT: 0-2
20250922-NAP-PIS,2025-09-22,2025-26,Serie A,Napoli,Pisa,3,2,,,,,HT: 1-0
20250928-MIL-NAP,2025-09-28,2025-26,Serie A,Milan,Napoli,2,1,,,,,HT: 2-0
20251005-NAP-GEN,2025-10-05,2025-26,Serie A,Napoli,Genoa,2,1,,,,,HT: 0-1
20251018-TOR-NAP,2025-10-18,2025-26,Serie A,Torino,Napoli,1,0,,,,,HT: 1-0
20251025-NAP-FCI,2025-10-25,2025-26,Serie A,Napoli,FC Internazionale Milano,3,1,,,,,HT: 1-0
20251028-LEC-NAP,2025-10-28,2025-26,Serie A,Lecce,Napoli,0,1,,,,,HT: 0-0
20251101-NAP-COM,2025-11-01,2025-26,Serie A,Napoli,Como,0,0,,,,,HT: 0-0
20251109-BOL-NAP,2025-11-09,2025-26,Serie A,Bologna,Napoli,2,0,,,,,HT: 0-0
20251122-NAP-ATA,2025-11-22,2025-26,Serie A,Napoli,Atalanta,3,1,,,,,HT: 3-0
20251130-ASR-NAP,2025-11-30,2025-26,Serie A,AS Roma,Napoli,0,1,,,,,HT: 0-1
20251207-NAP-JUV,2025-12-07,2025-26,Serie A,Napoli,Juventus FC,2,1,,,,,HT: 1-0
20251214-UDI-NAP,2025-12-14,2025-26,Serie A,Udinese,Napoli,1,0,,,,,HT: 0-0
20251228-CRE-NAP,2025-12-28,2025-26,Serie A,Cremonese,Napoli,0,2,,,,,HT: 0-2
20260104-LAZ-NAP,2026-01-04,2025-26,Serie A,Lazio,Napoli,0,2,,,,,HT: 0-2
20260107-NAP-HEL,2026-01-07,2025-26,Serie A,Napoli,Hellas Verona,2,2,,,,,HT: 0-2
20260111-FCI-NAP,2026-01-11,2025-26,Serie A,FC Internazionale Milano,Napoli,2,2,,,,,HT: 1-1
20260114-NAP-PAR,2026-01-14,2025-26,Serie A,Napoli,Parma,0,0,,,,,HT: 0-0
20260117-NAP-SAS,2026-01-17,2025-26,Serie A,Napoli,Sassuolo,1,0,,,,,HT: 1-0
20260125-JUV-NAP,2026-01-25,2025-26,Serie A,Juventus FC,Napoli,3,0,,,,,HT: 1-0
20260131-NAP-FIO,2026-01-31,2025-26,Serie A,Napoli,Fiorentina,2,1,,,,,HT: 1-0
20260207-GEN-NAP,2026-02-07,2025-26,Serie A,Genoa,Napoli,2,3,,,,,HT: 1-2
20260215-NAP-ASR,2026-02-15,2025-26,Serie A,Napoli,AS Roma,2,2,,,,,HT: 1-1
20260222-ATA-NAP,2026-02-22,2025-26,Serie A,Atalanta,Napoli,2,1,,,,,HT: 0-1
20260228-HEL-NAP,2026-02-28,2025-26,Serie A,Hellas Verona,Napoli,1,2,,,,,HT: 0-1
20260306-NAP-TOR,2026-03-06,2025-26,Serie A,Napoli,Torino,2,1,,,,,HT: 1-0
20260314-NAP-LEC,2026-03-14,2025-26,Serie A,Napoli,Lecce,2,1,,,,,HT: 0-1
20260320-CAG-NAP,2026-03-20,2025-26,Serie A,Cagliari,Napoli,0,1,,,,,HT: 0-1
20260406-NAP-MIL,2026-04-06,2025-26,Serie A,Napoli,Milan,1,0,,,,,HT: 0-0
20260412-PAR-NAP,2026-04-12,2025-26,Serie A,Parma,Napoli,1,1,,,,,HT: 1-0
20260418-NAP-LAZ,2026-04-18,2025-26,Serie A,Napoli,Lazio,0,2,,,,,HT: 0-1
20260424-NAP-CRE,2026-04-24,2025-26,Serie A,Napoli,Cremonese,4,0,,,,,HT: 3-0
20260502-COM-NAP,2026-05-02,2025-26,Serie A,Como,Napoli,0,0,,,,,HT: 0-0
20260511-NAP-BOL,2026-05-11,2025-26,Serie A,Napoli,Bologna,2,3,,,,,HT: 1-2
20260517-PIS-NAP,2026-05-17,2025-26,Serie A,Pisa,Napoli,0,3,,,,,HT: 0-2
20260524-NAP-UDI,2026-05-24,2025-26,Serie A,Napoli,Udinese,1,0,,,,,HT: 1-0
20260822-GEN-NAP,2026-08-22,2026-27,Serie A,Genoa CFC,SSC Napoli,0,2,,,,,HT: 0-0
20260830-NAP-COM,2026-08-30,2026-27,Serie A,SSC Napoli,Como 1907,1,2,,,,,HT: 1-2
20260905-FCI-NAP,2026-09-05,2026-27,Serie A,FC Internazionale Milano,SSC Napoli,3,2,,,,,HT: 0-0
20260913-NAP-BOL,2026-09-13,2026-27,Serie A,SSC Napoli,Bologna FC 1909,1,0,,,,,HT: 0-0
20260920-ACF-NAP,2026-09-20,2026-27,Serie A,ACF Fiorentina,SSC Napoli,1,1,,,,,HT: 0-1
